0.0,0.0,0.6001666666666654
0.001,-0.0006001666666666654,0.6001666666666654
0.002,-0.0012003333333333308,0.6001666666666654
0.003,-0.0018004999999999961,0.6001666666666654
0.004,-0.0024006666666666616,0.6001666666666654
0.005,-0.003000833333333327,0.6001666666666654
0.006,-0.0036009999999999927,0.6001666666666654
0.007,-0.004201166666666658,0.6001666666666654
0.008,-0.004801333333333323,0.6001666666666654
0.009000000000000001,-0.005401499999999989,0.6001666666666654
0.010000000000000002,-0.006001666666666654,0.6001666666666654
0.011000000000000003,-0.00660183333333332,0.6001666666666654
0.012000000000000004,-0.007201999999999985,0.6001666666666654
0.013000000000000005,-0.007802166666666651,0.6001666666666654
0.014000000000000005,-0.008402333333333315,0.6001666666666654
0.015000000000000006,-0.009002499999999981,0.6001666666666654
0.016000000000000007,-0.009602666666666647,0.6001666666666654
0.017000000000000008,-0.010202833333333312,0.6001666666666654
0.01800000000000001,-0.010802999999999978,0.6001666666666654
0.01900000000000001,-0.011403166666666643,0.6001666666666654
0.02000000000000001,-0.012003333333333309,0.6001666666666654
0.02100000000000001,-0.012603499999999974,0.6001666666666654
0.022000000000000013,-0.01320366666666664,0.6001666666666654
0.023000000000000013,-0.013803833333333305,0.6001666666666654
0.024000000000000014,-0.01440399999999997,0.6001666666666654
0.025000000000000015,-0.015004166666666636,0.6001666666666654
0.026000000000000016,-0.015604333333333302,0.6001666666666654
0.027000000000000017,-0.016204499999999965,0.6001666666666654
0.028000000000000018,-0.01680466666666663,0.6001666666666654
0.02900000000000002,-0.017404833333333296,0.6001666666666654
0.03000000000000002,-0.018004999999999962,0.6001666666666654
0.03100000000000002,-0.018605166666666628,0.6001666666666654
0.03200000000000002,-0.019205333333333293,0.6001666666666654
0.03300000000000002,-0.01980549999999996,0.6001666666666654
0.03400000000000002,-0.020405666666666624,0.6001666666666654
0.035000000000000024,-0.02100583333333329,0.6001666666666654
0.036000000000000025,-0.021605999999999955,0.6001666666666654
0.037000000000000026,-0.02220616666666662,0.6001666666666654
0.03800000000000003,-0.022806333333333286,0.6001666666666654
0.03900000000000003,-0.02340649999999995,0.6001666666666654
0.04000000000000003,-0.024006666666666617,0.6001666666666654
0.04100000000000003,-0.024606833333333283,0.6001666666666654
0.04200000000000003,-0.025206999999999948,0.6001666666666654
0.04300000000000003,-0.025807166666666614,0.6001666666666654
0.04400000000000003,-0.02640733333333328,0.6001666666666654
0.04500000000000003,-0.027007499999999945,0.6001666666666654
0.046000000000000034,-0.02760766666666661,0.6001666666666654
0.047000000000000035,-0.028207833333333276,0.6001666666666654
0.048000000000000036,-0.02880799999999994,0.6001666666666654
0.04900000000000004,-0.029408166666666607,0.6001666666666654
0.05000000000000004,-0.030008333333333272,0.6001666666666654
0.05100000000000004,-0.030608499999999938,0.6001666666666654
0.05200000000000004,-0.031208666666666603,0.6001666666666654
0.05300000000000004,-0.031808833333333265,0.6001666666666654
0.05400000000000004,-0.03240899999999993,0.6001666666666654
0.05500000000000004,-0.033009166666666596,0.6001666666666654
0.05600000000000004,-0.03360933333333326,0.6001666666666654
0.057000000000000044,-0.03420949999999993,0.6001666666666654
0.058000000000000045,-0.03480966666666659,0.6001666666666654
0.059000000000000045,-0.03540983333333326,0.6001666666666654
0.060000000000000046,-0.036009999999999924,0.6001666666666654
0.06100000000000005,-0.03661016666666659,0.6001666666666654
0.06200000000000005,-0.037210333333333255,0.6001666666666654
0.06300000000000004,-0.03781049999999992,0.6001666666666654
0.06400000000000004,-0.038410666666666586,0.6001666666666654
0.06500000000000004,-0.03901083333333325,0.6001666666666654
0.06600000000000004,-0.03961099999999992,0.6001666666666654
0.06700000000000005,-0.04021116666666658,0.6001666666666654
0.06800000000000005,-0.04081133333333325,0.6001666666666654
0.06900000000000005,-0.041411499999999914,0.6001666666666654
0.07000000000000005,-0.04201166666666658,0.6001666666666654
0.07100000000000005,-0.042611833333333245,0.6001666666666654
0.07200000000000005,-0.04321199999999991,0.6001666666666654
0.07300000000000005,-0.043812166666666576,0.6001666666666654
0.07400000000000005,-0.04441233333333324,0.6001666666666654
0.07500000000000005,-0.04501249999999991,0.6001666666666654
0.07600000000000005,-0.04561266666666657,0.6001666666666654
0.07700000000000005,-0.04621283333333324,0.6001666666666654
0.07800000000000006,-0.0468129999999999,0.6001666666666654
0.07900000000000006,-0.04741316666666657,0.6001666666666654
0.08000000000000006,-0.048013333333333234,0.6001666666666654
0.08100000000000006,-0.0486134999999999,0.6001666666666654
0.08200000000000006,-0.049213666666666565,0.6001666666666654
0.08300000000000006,-0.04981383333333323,0.6001666666666654
0.08400000000000006,-0.050413999999999896,0.6001666666666654
0.08500000000000006,-0.05101416666666656,0.6001666666666654
0.08600000000000006,-0.05161433333333323,0.6001666666666654
0.08700000000000006,-0.05221449999999989,0.6001666666666654
0.08800000000000006,-0.05281466666666656,0.6001666666666654
0.08900000000000007,-0.053414833333333224,0.6001666666666654
0.09000000000000007,-0.05401499999999989,0.6001666666666654
0.09100000000000007,-0.054615166666666555,0.6001666666666654
0.09200000000000007,-0.05521533333333322,0.6001666666666654
0.09300000000000007,-0.055815499999999886,0.6001666666666654
0.09400000000000007,-0.05641566666666655,0.6001666666666654
0.09500000000000007,-0.05701583333333322,0.6001666666666654
0.09600000000000007,-0.05761599999999988,0.6001666666666654
0.09700000000000007,-0.05821616666666655,0.6001666666666654
0.09800000000000007,-0.058816333333333214,0.6001666666666654
0.09900000000000007,-0.05941649999999988,0.6001666666666654
0.10000000000000007,-0.060016666666666545,0.6001666666666654
0.10100000000000008,-0.06061683333333321,0.6001666666666654
0.10200000000000008,-0.061216999999999876,0.6001666666666654
0.10300000000000008,-0.06181716666666654,0.6001666666666654
0.10400000000000008,-0.06241733333333321,0.6001666666666654
0.10500000000000008,-0.06301749999999987,0.6001666666666654
0.10600000000000008,-0.06361766666666653,0.6001666666666654
0.10700000000000008,-0.0642178333333332,0.6001666666666654
0.10800000000000008,-0.06481799999999986,0.6001666666666654
0.10900000000000008,-0.06541816666666653,0.6001666666666654
0.11000000000000008,-0.06601833333333319,0.6001666666666654
0.11100000000000008,-0.06661849999999986,0.6001666666666654
0.11200000000000009,-0.06721866666666652,0.6001666666666654
0.11300000000000009,-0.06781883333333319,0.6001666666666654
0.11400000000000009,-0.06841899999999985,0.6001666666666654
0.11500000000000009,-0.06901916666666652,0.6001666666666654
0.11600000000000009,-0.06961933333333319,0.6001666666666654
0.11700000000000009,-0.07021949999999985,0.6001666666666654
0.11800000000000009,-0.07081966666666652,0.6001666666666654
0.11900000000000009,-0.07141983333333318,0.6001666666666654
0.12000000000000009,-0.07201999999999985,0.6001666666666654
0.1210000000000001,-0.07262016666666651,0.6001666666666654
0.1220000000000001,-0.07322033333333318,0.6001666666666654
0.1230000000000001,-0.07382049999999984,0.6001666666666654
0.1240000000000001,-0.07442066666666651,0.6001666666666654
0.12500000000000008,-0.07502083333333318,0.6001666666666654
0.12600000000000008,-0.07562099999999984,0.6001666666666654
0.12700000000000009,-0.0762211666666665,0.6001666666666654
0.12800000000000009,-0.07682133333333317,0.6001666666666654
0.1290000000000001,-0.07742149999999984,0.6001666666666654
0.1300000000000001,-0.0780216666666665,0.6001666666666654
0.1310000000000001,-0.07862183333333317,0.6001666666666654
0.1320000000000001,-0.07922199999999983,0.6001666666666654
0.1330000000000001,-0.0798221666666665,0.6001666666666654
0.1340000000000001,-0.08042233333333317,0.6001666666666654
0.1350000000000001,-0.08102249999999983,0.6001666666666654
0.1360000000000001,-0.0816226666666665,0.6001666666666654
0.1370000000000001,-0.08222283333333316,0.6001666666666654
0.1380000000000001,-0.08282299999999983,0.6001666666666654
0.1390000000000001,-0.08342316666666649,0.6001666666666654
0.1400000000000001,-0.08402333333333316,0.6001666666666654
0.1410000000000001,-0.08462349999999982,0.6001666666666654
0.1420000000000001,-0.08522366666666649,0.6001666666666654
0.1430000000000001,-0.08582383333333315,0.6001666666666654
0.1440000000000001,-0.08642399999999982,0.6001666666666654
0.1450000000000001,-0.08702416666666649,0.6001666666666654
0.1460000000000001,-0.08762433333333315,0.6001666666666654
0.1470000000000001,-0.08822449999999982,0.6001666666666654
0.1480000000000001,-0.08882466666666648,0.6001666666666654
0.1490000000000001,-0.08942483333333315,0.6001666666666654
0.1500000000000001,-0.09002499999999981,0.6001666666666654
0.1510000000000001,-0.09062516666666648,0.6001666666666654
0.1520000000000001,-0.09122533333333314,0.6001666666666654
0.1530000000000001,-0.09182549999999981,0.6001666666666654
0.1540000000000001,-0.09242566666666648,0.6001666666666654
0.1550000000000001,-0.09302583333333314,0.6001666666666654
0.1560000000000001,-0.0936259999999998,0.6001666666666654
0.1570000000000001,-0.09422616666666647,0.6001666666666654
0.1580000000000001,-0.09482633333333314,0.6001666666666654
0.1590000000000001,-0.0954264999999998,0.6001666666666654
0.16000000000000011,-0.09602666666666647,0.6001666666666654
0.16100000000000012,-0.09662683333333313,0.6001666666666654
0.16200000000000012,-0.0972269999999998,0.6001666666666654
0.16300000000000012,-0.09782716666666647,0.6001666666666654
0.16400000000000012,-0.09842733333333313,0.6001666666666654
0.16500000000000012,-0.0990274999999998,0.6001666666666654
0.16600000000000012,-0.09962766666666646,0.6001666666666654
0.16700000000000012,-0.10022783333333313,0.6001666666666654
0.16800000000000012,-0.10082799999999979,0.6001666666666654
0.16900000000000012,-0.10142816666666646,0.6001666666666654
0.17000000000000012,-0.10202833333333312,0.6001666666666654
0.17100000000000012,-0.10262849999999979,0.6001666666666654
0.17200000000000013,-0.10322866666666645,0.6001666666666654
0.17300000000000013,-0.10382883333333312,0.6001666666666654
0.17400000000000013,-0.10442899999999979,0.6001666666666654
0.17500000000000013,-0.10502916666666645,0.6001666666666654
0.17600000000000013,-0.10562933333333312,0.6001666666666654
0.17700000000000013,-0.10622949999999978,0.6001666666666654
0.17800000000000013,-0.10682966666666645,0.6001666666666654
0.17900000000000013,-0.10742983333333311,0.6001666666666654
0.18000000000000013,-0.10802999999999978,0.6001666666666654
0.18100000000000013,-0.10863016666666644,0.6001666666666654
0.18200000000000013,-0.10923033333333311,0.6001666666666654
0.18300000000000013,-0.10983049999999978,0.6001666666666654
0.18400000000000014,-0.11043066666666644,0.6001666666666654
0.18500000000000014,-0.1110308333333331,0.6001666666666654
0.18600000000000014,-0.11163099999999977,0.6001666666666654
0.18700000000000014,-0.11223116666666644,0.6001666666666654
0.18800000000000014,-0.1128313333333331,0.6001666666666654
0.18900000000000014,-0.11343149999999977,0.6001666666666654
0.19000000000000014,-0.11403166666666643,0.6001666666666654
0.19100000000000014,-0.1146318333333331,0.6001666666666654
0.19200000000000014,-0.11523199999999977,0.6001666666666654
0.19300000000000014,-0.11583216666666643,0.6001666666666654
0.19400000000000014,-0.1164323333333331,0.6001666666666654
0.19500000000000015,-0.11703249999999976,0.6001666666666654
0.19600000000000015,-0.11763266666666643,0.6001666666666654
0.19700000000000015,-0.11823283333333309,0.6001666666666654
0.19800000000000015,-0.11883299999999976,0.6001666666666654
0.19900000000000015,-0.11943316666666642,0.6001666666666654
0.20000000000000015,-0.12003333333333309,0.6001666666666654
0.20100000000000015,-0.12063349999999975,0.6001666666666654
0.20200000000000015,-0.12123366666666642,0.6001666666666654
0.20300000000000015,-0.12183383333333309,0.6001666666666654
0.20400000000000015,-0.12243399999999975,0.6001666666666654
0.20500000000000015,-0.12303416666666642,0.6001666666666654
0.20600000000000016,-0.12363433333333308,0.6001666666666654
0.20700000000000016,-0.12423449999999975,0.6001666666666654
0.20800000000000016,-0.12483466666666641,0.6001666666666654
0.20900000000000016,-0.12543483333333308,0.6001666666666654
0.21000000000000016,-0.12603499999999973,0.6001666666666654
0.21100000000000016,-0.12663516666666638,0.6001666666666654
0.21200000000000016,-0.12723533333333303,0.6001666666666654
0.21300000000000016,-0.12783549999999969,0.6001666666666654
0.21400000000000016,-0.12843566666666634,0.6001666666666654
0.21500000000000016,-0.129035833333333,0.6001666666666654
0.21600000000000016,-0.12963599999999964,0.6001666666666654
0.21700000000000016,-0.1302361666666663,0.6001666666666654
0.21800000000000017,-0.13083633333333294,0.6001666666666654
0.21900000000000017,-0.1314364999999996,0.6001666666666654
0.22000000000000017,-0.13203666666666625,0.6001666666666654
0.22100000000000017,-0.1326368333333329,0.6001666666666654
0.22200000000000017,-0.13323699999999955,0.6001666666666654
0.22300000000000017,-0.1338371666666662,0.6001666666666654
0.22400000000000017,-0.13443733333333285,0.6001666666666654
0.22500000000000017,-0.1350374999999995,0.6001666666666654
0.22600000000000017,-0.13563766666666616,0.6001666666666654
0.22700000000000017,-0.1362378333333328,0.6001666666666654
0.22800000000000017,-0.13683799999999946,0.6001666666666654
0.22900000000000018,-0.1374381666666661,0.6001666666666654
0.23000000000000018,-0.13803833333333276,0.6001666666666654
0.23100000000000018,-0.13863849999999941,0.6001666666666654
0.23200000000000018,-0.13923866666666607,0.6001666666666654
0.23300000000000018,-0.13983883333333272,0.6001666666666654
0.23400000000000018,-0.14043899999999937,0.6001666666666654
0.23500000000000018,-0.14103916666666602,0.6001666666666654
0.23600000000000018,-0.14163933333333267,0.6001666666666654
0.23700000000000018,-0.14223949999999932,0.6001666666666654
0.23800000000000018,-0.14283966666666598,0.6001666666666654
0.23900000000000018,-0.14343983333333263,0.6001666666666654
0.24000000000000019,-0.14403999999999928,0.6001666666666654
0.2410000000000002,-0.14464016666666593,0.6001666666666654
0.2420000000000002,-0.14524033333333258,0.6001666666666654
0.2430000000000002,-0.14584049999999923,0.6001666666666654
0.2440000000000002,-0.1464406666666659,0.6001666666666654
0.2450000000000002,-0.14704083333333254,0.6001666666666654
0.2460000000000002,-0.1476409999999992,0.6001666666666654
0.2470000000000002,-0.14824116666666584,0.6001666666666654
0.2480000000000002,-0.1488413333333325,0.6001666666666654
0.2490000000000002,-0.14944149999999914,0.6001666666666654
0.25000000000000017,-0.1500416666666658,0.6001666666666654
0.25100000000000017,-0.15064183333333245,0.6001666666666654
0.25200000000000017,-0.1512419999999991,0.6001666666666654
0.25300000000000017,-0.15184216666666575,0.6001666666666654
0.25400000000000017,-0.1524423333333324,0.6001666666666654
0.25500000000000017,-0.15304249999999905,0.6001666666666654
0.25600000000000017,-0.1536426666666657,0.6001666666666654
0.2570000000000002,-0.15424283333333236,0.6001666666666654
0.2580000000000002,-0.154842999999999,0.6001666666666654
0.2590000000000002,-0.15544316666666566,0.6001666666666654
0.2600000000000002,-0.1560433333333323,0.6001666666666654
0.2610000000000002,-0.15664349999999896,0.6001666666666654
0.2620000000000002,-0.15724366666666562,0.6001666666666654
0.2630000000000002,-0.15784383333333227,0.6001666666666654
0.2640000000000002,-0.15844399999999892,0.6001666666666654
0.2650000000000002,-0.15904416666666557,0.6001666666666654
0.2660000000000002,-0.15964433333333222,0.6001666666666654
0.2670000000000002,-0.16024449999999887,0.6001666666666654
0.2680000000000002,-0.16084466666666553,0.6001666666666654
0.2690000000000002,-0.16144483333333218,0.6001666666666654
0.2700000000000002,-0.16204499999999883,0.6001666666666654
0.2710000000000002,-0.16264516666666548,0.6001666666666654
0.2720000000000002,-0.16324533333333213,0.6001666666666654
0.2730000000000002,-0.16384549999999878,0.6001666666666654
0.2740000000000002,-0.16444566666666544,0.6001666666666654
0.2750000000000002,-0.1650458333333321,0.6001666666666654
0.2760000000000002,-0.16564599999999874,0.6001666666666654
0.2770000000000002,-0.1662461666666654,0.6001666666666654
0.2780000000000002,-0.16684633333333204,0.6001666666666654
0.2790000000000002,-0.1674464999999987,0.6001666666666654
0.2800000000000002,-0.16804666666666535,0.6001666666666654
0.2810000000000002,-0.168646833333332,0.6001666666666654
0.2820000000000002,-0.16924699999999865,0.6001666666666654
0.2830000000000002,-0.1698471666666653,0.6001666666666654
0.2840000000000002,-0.17044733333333195,0.6001666666666654
0.2850000000000002,-0.1710474999999986,0.6001666666666654
0.2860000000000002,-0.17164766666666526,0.6001666666666654
0.2870000000000002,-0.1722478333333319,0.6001666666666654
0.2880000000000002,-0.17284799999999856,0.6001666666666654
0.2890000000000002,-0.1734481666666652,0.6001666666666654
0.2900000000000002,-0.17404833333333186,0.6001666666666654
0.2910000000000002,-0.1746484999999985,0.6001666666666654
0.2920000000000002,-0.17524866666666516,0.6001666666666654
0.2930000000000002,-0.17584883333333182,0.6001666666666654
0.2940000000000002,-0.17644899999999847,0.6001666666666654
0.2950000000000002,-0.17704916666666512,0.6001666666666654
0.2960000000000002,-0.17764933333333177,0.6001666666666654
0.2970000000000002,-0.17824949999999842,0.6001666666666654
0.2980000000000002,-0.17884966666666507,0.6001666666666654
0.2990000000000002,-0.17944983333333173,0.6001666666666654
0.3000000000000002,-0.18004999999999838,0.6001666666666654
0.3010000000000002,-0.18065016666666503,0.6001666666666654
0.3020000000000002,-0.18125033333333168,0.6001666666666654
0.3030000000000002,-0.18185049999999833,0.6001666666666654
0.3040000000000002,-0.18245066666666498,0.6001666666666654
0.3050000000000002,-0.18305083333333164,0.6001666666666654
0.3060000000000002,-0.1836509999999983,0.6001666666666654
0.3070000000000002,-0.18425116666666494,0.6001666666666654
0.3080000000000002,-0.1848513333333316,0.6001666666666654
0.3090000000000002,-0.18545149999999824,0.6001666666666654
0.3100000000000002,-0.1860516666666649,0.6001666666666654
0.3110000000000002,-0.18665183333333155,0.6001666666666654
0.3120000000000002,-0.1872519999999982,0.6001666666666654
0.3130000000000002,-0.18785216666666485,0.6001666666666654
0.3140000000000002,-0.1884523333333315,0.6001666666666654
0.3150000000000002,-0.18905249999999815,0.6001666666666654
0.3160000000000002,-0.1896526666666648,0.6001666666666654
0.3170000000000002,-0.19025283333333146,0.6001666666666654
0.3180000000000002,-0.1908529999999981,0.6001666666666654
0.31900000000000023,-0.19145316666666476,0.6001666666666654
0.32000000000000023,-0.1920533333333314,0.6001666666666654
0.32100000000000023,-0.19265349999999806,0.6001666666666654
0.32200000000000023,-0.19325366666666471,0.6001666666666654
0.32300000000000023,-0.19385383333333137,0.6001666666666654
0.32400000000000023,-0.19445399999999802,0.6001666666666654
0.32500000000000023,-0.19505416666666467,0.6001666666666654
0.32600000000000023,-0.19565433333333132,0.6001666666666654
0.32700000000000023,-0.19625449999999797,0.6001666666666654
0.32800000000000024,-0.19685466666666462,0.6001666666666654
0.32900000000000024,-0.19745483333333128,0.6001666666666654
0.33000000000000024,-0.19805499999999793,0.6001666666666654
0.33100000000000024,-0.19865516666666458,0.6001666666666654
0.33200000000000024,-0.19925533333333123,0.6001666666666654
0.33300000000000024,-0.19985549999999788,0.6001666666666654
0.33400000000000024,-0.20045566666666453,0.6001666666666654
0.33500000000000024,-0.20105583333333119,0.6001666666666654
0.33600000000000024,-0.20165599999999784,0.6001666666666654
0.33700000000000024,-0.2022561666666645,0.6001666666666654
0.33800000000000024,-0.20285633333333114,0.6001666666666654
0.33900000000000025,-0.2034564999999978,0.6001666666666654
0.34000000000000025,-0.20405666666666444,0.6001666666666654
0.34100000000000025,-0.2046568333333311,0.6001666666666654
0.34200000000000025,-0.20525699999999775,0.6001666666666654
0.34300000000000025,-0.2058571666666644,0.6001666666666654
0.34400000000000025,-0.20645733333333105,0.6001666666666654
0.34500000000000025,-0.2070574999999977,0.6001666666666654
0.34600000000000025,-0.20765766666666435,0.6001666666666654
0.34700000000000025,-0.208257833333331,0.6001666666666654
0.34800000000000025,-0.20885799999999766,0.6001666666666654
0.34900000000000025,-0.2094581666666643,0.6001666666666654
0.35000000000000026,-0.21005833333333096,0.5984999999999987
0.35100000000000026,-0.21065183333333096,0.5884999999999987
0.35200000000000026,-0.21123533333333094,0.5784999999999987
0.35300000000000026,-0.21180883333333095,0.5684999999999987
0.35400000000000026,-0.21237233333333094,0.5584999999999987
0.35500000000000026,-0.21292583333333095,0.5484999999999987
0.35600000000000026,-0.21346933333333096,0.5384999999999986
0.35700000000000026,-0.21400283333333095,0.5284999999999986
0.35800000000000026,-0.21452633333333096,0.5184999999999986
0.35900000000000026,-0.21503983333333096,0.5084999999999986
0.36000000000000026,-0.21554333333333095,0.4984999999999986
0.36100000000000027,-0.21603683333333096,0.4884999999999986
0.36200000000000027,-0.21652033333333096,0.4784999999999986
0.36300000000000027,-0.21699383333333094,0.4684999999999986
0.36400000000000027,-0.21745733333333095,0.4584999999999986
0.36500000000000027,-0.21791083333333094,0.44849999999999857
0.36600000000000027,-0.21835433333333093,0.43849999999999856
0.36700000000000027,-0.21878783333333093,0.42849999999999855
0.36800000000000027,-0.21921133333333093,0.41849999999999854
0.36900000000000027,-0.21962483333333094,0.40849999999999853
0.3700000000000003,-0.22002833333333094,0.3984999999999985
0.3710000000000003,-0.22042183333333093,0.3884999999999985
0.3720000000000003,-0.22080533333333094,0.3784999999999985
0.3730000000000003,-0.22117883333333094,0.3684999999999985
0.3740000000000003,-0.22154233333333093,0.3584999999999985
0.3750000000000003,-0.22189583333333093,0.3484999999999985
0.3760000000000003,-0.22223933333333093,0.33849999999999847
0.3770000000000003,-0.22257283333333092,0.32849999999999846
0.3780000000000003,-0.22289633333333092,0.31849999999999845
0.3790000000000003,-0.22320983333333091,0.30849999999999844
0.3800000000000003,-0.22351333333333093,0.29849999999999843
0.3810000000000003,-0.22380683333333093,0.2884999999999984
0.3820000000000003,-0.22409033333333092,0.2784999999999984
0.3830000000000003,-0.22436383333333093,0.2684999999999984
0.3840000000000003,-0.22462733333333093,0.2584999999999984
0.3850000000000003,-0.22488083333333092,0.2484999999999984
0.3860000000000003,-0.22512433333333093,0.23849999999999838
0.3870000000000003,-0.22535783333333093,0.22849999999999837
0.3880000000000003,-0.2255813333333309,0.21849999999999836
0.3890000000000003,-0.22579483333333092,0.20849999999999835
0.3900000000000003,-0.22599833333333091,0.19849999999999834
0.3910000000000003,-0.2261918333333309,0.18849999999999834
0.3920000000000003,-0.2263753333333309,0.17849999999999833
0.3930000000000003,-0.2265488333333309,0.16849999999999832
0.3940000000000003,-0.2267123333333309,0.1584999999999983
0.3950000000000003,-0.2268658333333309,0.1484999999999983
0.3960000000000003,-0.2270093333333309,0.1384999999999983
0.3970000000000003,-0.2271428333333309,0.12849999999999828
0.3980000000000003,-0.2272663333333309,0.11849999999999829
0.3990000000000003,-0.2273798333333309,0.10849999999999829
0.4000000000000003,-0.2274833333333309,0.0984999999999983
0.4010000000000003,-0.2275768333333309,0.0884999999999983
0.4020000000000003,-0.22766033333333088,0.07849999999999831
0.4030000000000003,-0.2277338333333309,0.06849999999999831
0.4040000000000003,-0.22779733333333088,0.05849999999999831
0.4050000000000003,-0.2278508333333309,0.04849999999999831
0.4060000000000003,-0.2278943333333309,0.038499999999998306
0.4070000000000003,-0.2279278333333309,0.028499999999998304
0.4080000000000003,-0.2279513333333309,0.018499999999998303
0.4090000000000003,-0.2279648333333309,0.008499999999998302
0.4100000000000003,-0.22796833333333089,-0.001500000000001698
0.4110000000000003,-0.2279618333333309,-0.011500000000001698
0.4120000000000003,-0.2279453333333309,-0.0215000000000017
0.4130000000000003,-0.22791883333333088,-0.0315000000000017
0.4140000000000003,-0.22788233333333088,-0.0415000000000017
0.4150000000000003,-0.22783583333333088,-0.051500000000001704
0.4160000000000003,-0.22777933333333086,-0.061500000000001706
0.4170000000000003,-0.22771283333333087,-0.0715000000000017
0.4180000000000003,-0.22763633333333086,-0.0815000000000017
0.4190000000000003,-0.22754983333333087,-0.09150000000000169
0.4200000000000003,-0.22745333333333087,-0.10150000000000169
0.4210000000000003,-0.22734683333333086,-0.11150000000000168
0.4220000000000003,-0.22723033333333087,-0.12150000000000168
0.4230000000000003,-0.22710383333333087,-0.13150000000000167
0.4240000000000003,-0.22696733333333086,-0.14150000000000168
0.4250000000000003,-0.22682083333333086,-0.1515000000000017
0.4260000000000003,-0.22666433333333086,-0.1615000000000017
0.4270000000000003,-0.22649783333333084,-0.1715000000000017
0.4280000000000003,-0.22632133333333085,-0.18150000000000172
0.4290000000000003,-0.22613483333333084,-0.19150000000000172
0.4300000000000003,-0.22593833333333085,-0.20150000000000173
0.4310000000000003,-0.22573183333333086,-0.21150000000000174
0.43200000000000033,-0.22551533333333085,-0.22150000000000175
0.43300000000000033,-0.22528883333333086,-0.23150000000000176
0.43400000000000033,-0.22505233333333086,-0.24150000000000177
0.43500000000000033,-0.22480583333333085,-0.2515000000000018
0.43600000000000033,-0.22454933333333085,-0.2615000000000018
0.43700000000000033,-0.22428283333333085,-0.2715000000000018
0.43800000000000033,-0.22400633333333084,-0.2815000000000018
0.43900000000000033,-0.22371983333333084,-0.2915000000000018
0.44000000000000034,-0.22342333333333084,-0.3015000000000018
0.44100000000000034,-0.22311683333333082,-0.31150000000000183
0.44200000000000034,-0.22280033333333082,-0.32150000000000184
0.44300000000000034,-0.22247383333333082,-0.33150000000000185
0.44400000000000034,-0.22213733333333083,-0.34150000000000186
0.44500000000000034,-0.22179083333333083,-0.35150000000000187
0.44600000000000034,-0.22143433333333082,-0.3615000000000019
0.44700000000000034,-0.22106783333333083,-0.3715000000000019
0.44800000000000034,-0.22069133333333082,-0.3815000000000019
0.44900000000000034,-0.2203048333333308,-0.3915000000000019
0.45000000000000034,-0.21990833333333082,-0.39983333333333526
0.45100000000000035,-0.2195084999999975,-0.39983333333333526
0.45200000000000035,-0.21910866666666418,-0.39983333333333526
0.45300000000000035,-0.21870883333333085,-0.39983333333333526
0.45400000000000035,-0.21830899999999753,-0.39983333333333526
0.45500000000000035,-0.2179091666666642,-0.39983333333333526
0.45600000000000035,-0.2175093333333309,-0.39983333333333526
0.45700000000000035,-0.21710949999999757,-0.39983333333333526
0.45800000000000035,-0.21670966666666425,-0.39983333333333526
0.45900000000000035,-0.21630983333333093,-0.39983333333333526
0.46000000000000035,-0.2159099999999976,-0.39983333333333526
0.46100000000000035,-0.21551016666666428,-0.39983333333333526
0.46200000000000035,-0.21511033333333096,-0.39983333333333526
0.46300000000000036,-0.21471049999999764,-0.39983333333333526
0.46400000000000036,-0.21431066666666432,-0.39983333333333526
0.46500000000000036,-0.213910833333331,-0.39983333333333526
0.46600000000000036,-0.21351099999999767,-0.39983333333333526
0.46700000000000036,-0.21311116666666435,-0.39983333333333526
0.46800000000000036,-0.21271133333333103,-0.39983333333333526
0.46900000000000036,-0.2123114999999977,-0.39983333333333526
0.47000000000000036,-0.2119116666666644,-0.39983333333333526
0.47100000000000036,-0.21151183333333107,-0.39983333333333526
0.47200000000000036,-0.21111199999999775,-0.39983333333333526
0.47300000000000036,-0.21071216666666442,-0.39983333333333526
0.47400000000000037,-0.2103123333333311,-0.39983333333333526
0.47500000000000037,-0.20991249999999778,-0.39983333333333526
0.47600000000000037,-0.20951266666666446,-0.39983333333333526
0.47700000000000037,-0.20911283333333114,-0.39983333333333526
0.47800000000000037,-0.20871299999999782,-0.39983333333333526
0.47900000000000037,-0.2083131666666645,-0.39983333333333526
0.48000000000000037,-0.20791333333333117,-0.39983333333333526
0.48100000000000037,-0.20751349999999785,-0.39983333333333526
0.4820000000000004,-0.20711366666666453,-0.39983333333333526
0.4830000000000004,-0.2067138333333312,-0.39983333333333526
0.4840000000000004,-0.2063139999999979,-0.39983333333333526
0.4850000000000004,-0.20591416666666457,-0.39983333333333526
0.4860000000000004,-0.20551433333333124,-0.39983333333333526
0.4870000000000004,-0.20511449999999792,-0.39983333333333526
0.4880000000000004,-0.2047146666666646,-0.39983333333333526
0.4890000000000004,-0.20431483333333128,-0.39983333333333526
0.4900000000000004,-0.20391499999999796,-0.39983333333333526
0.4910000000000004,-0.20351516666666464,-0.39983333333333526
0.4920000000000004,-0.20311533333333132,-0.39983333333333526
0.4930000000000004,-0.202715499999998,-0.39983333333333526
0.4940000000000004,-0.20231566666666467,-0.39983333333333526
0.4950000000000004,-0.20191583333333135,-0.39983333333333526
0.4960000000000004,-0.20151599999999803,-0.39983333333333526
0.4970000000000004,-0.2011161666666647,-0.39983333333333526
0.4980000000000004,-0.2007163333333314,-0.39983333333333526
0.4990000000000004,-0.20031649999999807,-0.39983333333333526
0.5000000000000003,-0.19991666666666474,-0.39983333333333526
0.5010000000000003,-0.19951683333333142,-0.39983333333333526
0.5020000000000003,-0.1991169999999981,-0.39983333333333526
0.5030000000000003,-0.19871716666666478,-0.39983333333333526
0.5040000000000003,-0.19831733333333146,-0.39983333333333526
0.5050000000000003,-0.19791749999999814,-0.39983333333333526
0.5060000000000003,-0.19751766666666482,-0.39983333333333526
0.5070000000000003,-0.1971178333333315,-0.39983333333333526
0.5080000000000003,-0.19671799999999817,-0.39983333333333526
0.5090000000000003,-0.19631816666666485,-0.39983333333333526
0.5100000000000003,-0.19591833333333153,-0.39983333333333526
0.5110000000000003,-0.1955184999999982,-0.39983333333333526
0.5120000000000003,-0.1951186666666649,-0.39983333333333526
0.5130000000000003,-0.19471883333333156,-0.39983333333333526
0.5140000000000003,-0.19431899999999824,-0.39983333333333526
0.5150000000000003,-0.19391916666666492,-0.39983333333333526
0.5160000000000003,-0.1935193333333316,-0.39983333333333526
0.5170000000000003,-0.19311949999999828,-0.39983333333333526
0.5180000000000003,-0.19271966666666496,-0.39983333333333526
0.5190000000000003,-0.19231983333333164,-0.39983333333333526
0.5200000000000004,-0.19191999999999831,-0.39983333333333526
0.5210000000000004,-0.191520166666665,-0.39983333333333526
0.5220000000000004,-0.19112033333333167,-0.39983333333333526
0.5230000000000004,-0.19072049999999835,-0.39983333333333526
0.5240000000000004,-0.19032066666666503,-0.39983333333333526
0.5250000000000004,-0.1899208333333317,-0.39983333333333526
0.5260000000000004,-0.18952099999999839,-0.39983333333333526
0.5270000000000004,-0.18912116666666506,-0.39983333333333526
0.5280000000000004,-0.18872133333333174,-0.39983333333333526
0.5290000000000004,-0.18832149999999842,-0.39983333333333526
0.5300000000000004,-0.1879216666666651,-0.39983333333333526
0.5310000000000004,-0.18752183333333178,-0.39983333333333526
0.5320000000000004,-0.18712199999999846,-0.39983333333333526
0.5330000000000004,-0.18672216666666513,-0.39983333333333526
0.5340000000000004,-0.1863223333333318,-0.39983333333333526
0.5350000000000004,-0.1859224999999985,-0.39983333333333526
0.5360000000000004,-0.18552266666666517,-0.39983333333333526
0.5370000000000004,-0.18512283333333185,-0.39983333333333526
0.5380000000000004,-0.18472299999999853,-0.39983333333333526
0.5390000000000004,-0.1843231666666652,-0.39983333333333526
0.5400000000000004,-0.18392333333333188,-0.39983333333333526
0.5410000000000004,-0.18352349999999856,-0.39983333333333526
0.5420000000000004,-0.18312366666666524,-0.39983333333333526
0.5430000000000004,-0.18272383333333192,-0.39983333333333526
0.5440000000000004,-0.1823239999999986,-0.39983333333333526
0.5450000000000004,-0.18192416666666528,-0.39983333333333526
0.5460000000000004,-0.18152433333333196,-0.39983333333333526
0.5470000000000004,-0.18112449999999863,-0.39983333333333526
0.5480000000000004,-0.1807246666666653,-0.39983333333333526
0.5490000000000004,-0.180324833333332,-0.39983333333333526
0.5500000000000004,-0.17992499999999867,-0.39983333333333526
0.5510000000000004,-0.17952516666666535,-0.39983333333333526
0.5520000000000004,-0.17912533333333203,-0.39983333333333526
0.5530000000000004,-0.1787254999999987,-0.39983333333333526
0.5540000000000004,-0.17832566666666538,-0.39983333333333526
0.5550000000000004,-0.17792583333333206,-0.39983333333333526
0.5560000000000004,-0.17752599999999874,-0.39983333333333526
0.5570000000000004,-0.17712616666666542,-0.39983333333333526
0.5580000000000004,-0.1767263333333321,-0.39983333333333526
0.5590000000000004,-0.17632649999999878,-0.39983333333333526
0.5600000000000004,-0.17592666666666545,-0.39983333333333526
0.5610000000000004,-0.17552683333333213,-0.39983333333333526
0.5620000000000004,-0.1751269999999988,-0.39983333333333526
0.5630000000000004,-0.1747271666666655,-0.39983333333333526
0.5640000000000004,-0.17432733333333217,-0.39983333333333526
0.5650000000000004,-0.17392749999999885,-0.39983333333333526
0.5660000000000004,-0.17352766666666553,-0.39983333333333526
0.5670000000000004,-0.1731278333333322,-0.39983333333333526
0.5680000000000004,-0.17272799999999888,-0.39983333333333526
0.5690000000000004,-0.17232816666666556,-0.39983333333333526
0.5700000000000004,-0.17192833333333224,-0.39983333333333526
0.5710000000000004,-0.17152849999999892,-0.39983333333333526
0.5720000000000004,-0.1711286666666656,-0.39983333333333526
0.5730000000000004,-0.17072883333333227,-0.39983333333333526
0.5740000000000004,-0.17032899999999895,-0.39983333333333526
0.5750000000000004,-0.16992916666666563,-0.39983333333333526
0.5760000000000004,-0.1695293333333323,-0.39983333333333526
0.5770000000000004,-0.169129499999999,-0.39983333333333526
0.5780000000000004,-0.16872966666666567,-0.39983333333333526
0.5790000000000004,-0.16832983333333235,-0.39983333333333526
0.5800000000000004,-0.16792999999999902,-0.39983333333333526
0.5810000000000004,-0.1675301666666657,-0.39983333333333526
0.5820000000000004,-0.16713033333333238,-0.39983333333333526
0.5830000000000004,-0.16673049999999906,-0.39983333333333526
0.5840000000000004,-0.16633066666666574,-0.39983333333333526
0.5850000000000004,-0.16593083333333242,-0.39983333333333526
0.5860000000000004,-0.1655309999999991,-0.39983333333333526
0.5870000000000004,-0.16513116666666577,-0.39983333333333526
0.5880000000000004,-0.16473133333333245,-0.39983333333333526
0.5890000000000004,-0.16433149999999913,-0.39983333333333526
0.5900000000000004,-0.1639316666666658,-0.39983333333333526
0.5910000000000004,-0.1635318333333325,-0.39983333333333526
0.5920000000000004,-0.16313199999999917,-0.39983333333333526
0.5930000000000004,-0.16273216666666585,-0.39983333333333526
0.5940000000000004,-0.16233233333333252,-0.39983333333333526
0.5950000000000004,-0.1619324999999992,-0.39983333333333526
0.5960000000000004,-0.16153266666666588,-0.39983333333333526
0.5970000000000004,-0.16113283333333256,-0.39983333333333526
0.5980000000000004,-0.16073299999999924,-0.39983333333333526
0.5990000000000004,-0.16033316666666592,-0.39983333333333526
0.6000000000000004,-0.1599333333333326,-0.39983333333333526
0.6010000000000004,-0.15953349999999927,-0.39983333333333526
0.6020000000000004,-0.15913366666666595,-0.39983333333333526
0.6030000000000004,-0.15873383333333263,-0.39983333333333526
0.6040000000000004,-0.1583339999999993,-0.39983333333333526
0.6050000000000004,-0.157934166666666,-0.39983333333333526
0.6060000000000004,-0.15753433333333267,-0.39983333333333526
0.6070000000000004,-0.15713449999999934,-0.39983333333333526
0.6080000000000004,-0.15673466666666602,-0.39983333333333526
0.6090000000000004,-0.1563348333333327,-0.39983333333333526
0.6100000000000004,-0.15593499999999938,-0.39983333333333526
0.6110000000000004,-0.15553516666666606,-0.39983333333333526
0.6120000000000004,-0.15513533333333274,-0.39983333333333526
0.6130000000000004,-0.15473549999999942,-0.39983333333333526
0.6140000000000004,-0.1543356666666661,-0.39983333333333526
0.6150000000000004,-0.15393583333333277,-0.39983333333333526
0.6160000000000004,-0.15353599999999945,-0.39983333333333526
0.6170000000000004,-0.15313616666666613,-0.39983333333333526
0.6180000000000004,-0.1527363333333328,-0.39983333333333526
0.6190000000000004,-0.1523364999999995,-0.39983333333333526
0.6200000000000004,-0.15193666666666616,-0.39983333333333526
0.6210000000000004,-0.15153683333333284,-0.39983333333333526
0.6220000000000004,-0.15113699999999952,-0.39983333333333526
0.6230000000000004,-0.1507371666666662,-0.39983333333333526
0.6240000000000004,-0.15033733333333288,-0.39983333333333526
0.6250000000000004,-0.14993749999999956,-0.39983333333333526
0.6260000000000004,-0.14953766666666624,-0.39983333333333526
0.6270000000000004,-0.14913783333333291,-0.39983333333333526
0.6280000000000004,-0.1487379999999996,-0.39983333333333526
0.6290000000000004,-0.14833816666666627,-0.39983333333333526
0.6300000000000004,-0.14793833333333295,-0.39983333333333526
0.6310000000000004,-0.14753849999999963,-0.39983333333333526
0.6320000000000005,-0.1471386666666663,-0.39983333333333526
0.6330000000000005,-0.14673883333333299,-0.39983333333333526
0.6340000000000005,-0.14633899999999966,-0.39983333333333526
0.6350000000000005,-0.14593916666666634,-0.39983333333333526
0.6360000000000005,-0.14553933333333302,-0.39983333333333526
0.6370000000000005,-0.1451394999999997,-0.39983333333333526
0.6380000000000005,-0.14473966666666638,-0.39983333333333526
0.6390000000000005,-0.14433983333333306,-0.39983333333333526
0.6400000000000005,-0.14393999999999973,-0.39983333333333526
0.6410000000000005,-0.1435401666666664,-0.39983333333333526
0.6420000000000005,-0.1431403333333331,-0.39983333333333526
0.6430000000000005,-0.14274049999999977,-0.39983333333333526
0.6440000000000005,-0.14234066666666645,-0.39983333333333526
0.6450000000000005,-0.14194083333333313,-0.39983333333333526
0.6460000000000005,-0.1415409999999998,-0.39983333333333526
0.6470000000000005,-0.14114116666666648,-0.39983333333333526
0.6480000000000005,-0.14074133333333316,-0.39983333333333526
0.6490000000000005,-0.14034149999999984,-0.39983333333333526
0.6500000000000005,-0.13994166666666652,-0.39983333333333526
0.6510000000000005,-0.1395418333333332,-0.39983333333333526
0.6520000000000005,-0.13914199999999988,-0.39983333333333526
0.6530000000000005,-0.13874216666666656,-0.39983333333333526
0.6540000000000005,-0.13834233333333323,-0.39983333333333526
0.6550000000000005,-0.1379424999999999,-0.39983333333333526
0.6560000000000005,-0.1375426666666666,-0.39983333333333526
0.6570000000000005,-0.13714283333333327,-0.39983333333333526
0.6580000000000005,-0.13674299999999995,-0.39983333333333526
0.6590000000000005,-0.13634316666666663,-0.39983333333333526
0.6600000000000005,-0.1359433333333333,-0.39983333333333526
0.6610000000000005,-0.13554349999999998,-0.39983333333333526
0.6620000000000005,-0.13514366666666666,-0.39983333333333526
0.6630000000000005,-0.13474383333333334,-0.39983333333333526
0.6640000000000005,-0.13434400000000002,-0.39983333333333526
0.6650000000000005,-0.1339441666666667,-0.39983333333333526
0.6660000000000005,-0.13354433333333338,-0.39983333333333526
0.6670000000000005,-0.13314450000000005,-0.39983333333333526
0.6680000000000005,-0.13274466666666673,-0.39983333333333526
0.6690000000000005,-0.1323448333333334,-0.39983333333333526
0.6700000000000005,-0.1319450000000001,-0.39983333333333526
0.6710000000000005,-0.13154516666666677,-0.39983333333333526
0.6720000000000005,-0.13114533333333345,-0.39983333333333526
0.6730000000000005,-0.13074550000000013,-0.39983333333333526
0.6740000000000005,-0.1303456666666668,-0.39983333333333526
0.6750000000000005,-0.12994583333333348,-0.39983333333333526
0.6760000000000005,-0.12954600000000016,-0.39983333333333526
0.6770000000000005,-0.12914616666666684,-0.39983333333333526
0.6780000000000005,-0.12874633333333352,-0.39983333333333526
0.6790000000000005,-0.1283465000000002,-0.39983333333333526
0.6800000000000005,-0.12794666666666688,-0.39983333333333526
0.6810000000000005,-0.12754683333333355,-0.39983333333333526
0.6820000000000005,-0.12714700000000023,-0.39983333333333526
0.6830000000000005,-0.1267471666666669,-0.39983333333333526
0.6840000000000005,-0.1263473333333336,-0.39983333333333526
0.6850000000000005,-0.12594750000000027,-0.39983333333333526
0.6860000000000005,-0.12554766666666695,-0.39983333333333526
0.6870000000000005,-0.12514783333333362,-0.39983333333333526
0.6880000000000005,-0.12474800000000029,-0.39983333333333526
0.6890000000000005,-0.12434816666666695,-0.39983333333333526
0.6900000000000005,-0.12394833333333362,-0.39983333333333526
0.6910000000000005,-0.12354850000000028,-0.39983333333333526
0.6920000000000005,-0.12314866666666695,-0.39983333333333526
0.6930000000000005,-0.12274883333333361,-0.39983333333333526
0.6940000000000005,-0.12234900000000028,-0.39983333333333526
0.6950000000000005,-0.12194916666666694,-0.39983333333333526
0.6960000000000005,-0.1215493333333336,-0.39983333333333526
0.6970000000000005,-0.12114950000000027,-0.39983333333333526
0.6980000000000005,-0.12074966666666694,-0.39983333333333526
0.6990000000000005,-0.1203498333333336,-0.39983333333333526
0.7000000000000005,-0.11995000000000026,-0.39983333333333526
0.7010000000000005,-0.11955016666666693,-0.39983333333333526
0.7020000000000005,-0.1191503333333336,-0.39983333333333526
0.7030000000000005,-0.11875050000000026,-0.39983333333333526
0.7040000000000005,-0.11835066666666692,-0.39983333333333526
0.7050000000000005,-0.11795083333333359,-0.39983333333333526
0.7060000000000005,-0.11755100000000025,-0.39983333333333526
0.7070000000000005,-0.11715116666666692,-0.39983333333333526
0.7080000000000005,-0.11675133333333358,-0.39983333333333526
0.7090000000000005,-0.11635150000000025,-0.39983333333333526
0.7100000000000005,-0.11595166666666691,-0.39983333333333526
0.7110000000000005,-0.11555183333333358,-0.39983333333333526
0.7120000000000005,-0.11515200000000024,-0.39983333333333526
0.7130000000000005,-0.1147521666666669,-0.39983333333333526
0.7140000000000005,-0.11435233333333357,-0.39983333333333526
0.7150000000000005,-0.11395250000000023,-0.39983333333333526
0.7160000000000005,-0.1135526666666669,-0.39983333333333526
0.7170000000000005,-0.11315283333333356,-0.39983333333333526
0.7180000000000005,-0.11275300000000023,-0.39983333333333526
0.7190000000000005,-0.11235316666666689,-0.39983333333333526
0.7200000000000005,-0.11195333333333356,-0.39983333333333526
0.7210000000000005,-0.11155350000000022,-0.39983333333333526
0.7220000000000005,-0.11115366666666689,-0.39983333333333526
0.7230000000000005,-0.11075383333333355,-0.39983333333333526
0.7240000000000005,-0.11035400000000022,-0.39983333333333526
0.7250000000000005,-0.10995416666666688,-0.39983333333333526
0.7260000000000005,-0.10955433333333355,-0.39983333333333526
0.7270000000000005,-0.10915450000000021,-0.39983333333333526
0.7280000000000005,-0.10875466666666687,-0.39983333333333526
0.7290000000000005,-0.10835483333333354,-0.39983333333333526
0.7300000000000005,-0.1079550000000002,-0.39983333333333526
0.7310000000000005,-0.10755516666666687,-0.39983333333333526
0.7320000000000005,-0.10715533333333353,-0.39983333333333526
0.7330000000000005,-0.1067555000000002,-0.39983333333333526
0.7340000000000005,-0.10635566666666686,-0.39983333333333526
0.7350000000000005,-0.10595583333333353,-0.39983333333333526
0.7360000000000005,-0.10555600000000019,-0.39983333333333526
0.7370000000000005,-0.10515616666666686,-0.39983333333333526
0.7380000000000005,-0.10475633333333352,-0.39983333333333526
0.7390000000000005,-0.10435650000000019,-0.39983333333333526
0.7400000000000005,-0.10395666666666685,-0.39983333333333526
0.7410000000000005,-0.10355683333333351,-0.39983333333333526
0.7420000000000005,-0.10315700000000018,-0.39983333333333526
0.7430000000000005,-0.10275716666666684,-0.39983333333333526
0.7440000000000005,-0.10235733333333351,-0.39983333333333526
0.7450000000000006,-0.10195750000000017,-0.39983333333333526
0.7460000000000006,-0.10155766666666684,-0.39983333333333526
0.7470000000000006,-0.1011578333333335,-0.39983333333333526
0.7480000000000006,-0.10075800000000017,-0.39983333333333526
0.7490000000000006,-0.10035816666666683,-0.39983333333333526
0.7500000000000006,-0.0999583333333335,-0.39983333333333526
0.7510000000000006,-0.09955850000000016,-0.39983333333333526
0.7520000000000006,-0.09915866666666683,-0.39983333333333526
0.7530000000000006,-0.09875883333333349,-0.39983333333333526
0.7540000000000006,-0.09835900000000015,-0.39983333333333526
0.7550000000000006,-0.09795916666666682,-0.39983333333333526
0.7560000000000006,-0.09755933333333348,-0.39983333333333526
0.7570000000000006,-0.09715950000000015,-0.39983333333333526
0.7580000000000006,-0.09675966666666681,-0.39983333333333526
0.7590000000000006,-0.09635983333333348,-0.39983333333333526
0.7600000000000006,-0.09596000000000014,-0.39983333333333526
0.7610000000000006,-0.09556016666666681,-0.39983333333333526
0.7620000000000006,-0.09516033333333347,-0.39983333333333526
0.7630000000000006,-0.09476050000000014,-0.39983333333333526
0.7640000000000006,-0.0943606666666668,-0.39983333333333526
0.7650000000000006,-0.09396083333333347,-0.39983333333333526
0.7660000000000006,-0.09356100000000013,-0.39983333333333526
0.7670000000000006,-0.0931611666666668,-0.39983333333333526
0.7680000000000006,-0.09276133333333346,-0.39983333333333526
0.7690000000000006,-0.09236150000000012,-0.39983333333333526
0.7700000000000006,-0.09196166666666679,-0.39983333333333526
0.7710000000000006,-0.09156183333333345,-0.39983333333333526
0.7720000000000006,-0.09116200000000012,-0.39983333333333526
0.7730000000000006,-0.09076216666666678,-0.39983333333333526
0.7740000000000006,-0.09036233333333345,-0.39983333333333526
0.7750000000000006,-0.08996250000000011,-0.39983333333333526
0.7760000000000006,-0.08956266666666678,-0.39983333333333526
0.7770000000000006,-0.08916283333333344,-0.39983333333333526
0.7780000000000006,-0.0887630000000001,-0.39983333333333526
0.7790000000000006,-0.08836316666666677,-0.39983333333333526
0.7800000000000006,-0.08796333333333343,-0.39983333333333526
0.7810000000000006,-0.0875635000000001,-0.39983333333333526
0.7820000000000006,-0.08716366666666676,-0.39983333333333526
0.7830000000000006,-0.08676383333333343,-0.39983333333333526
0.7840000000000006,-0.0863640000000001,-0.39983333333333526
0.7850000000000006,-0.08596416666666676,-0.39983333333333526
0.7860000000000006,-0.08556433333333342,-0.39983333333333526
0.7870000000000006,-0.08516450000000009,-0.39983333333333526
0.7880000000000006,-0.08476466666666675,-0.39983333333333526
0.7890000000000006,-0.08436483333333342,-0.39983333333333526
0.7900000000000006,-0.08396500000000008,-0.39983333333333526
0.7910000000000006,-0.08356516666666675,-0.39983333333333526
0.7920000000000006,-0.08316533333333341,-0.39983333333333526
0.7930000000000006,-0.08276550000000008,-0.39983333333333526
0.7940000000000006,-0.08236566666666674,-0.39983333333333526
0.7950000000000006,-0.0819658333333334,-0.39983333333333526
0.7960000000000006,-0.08156600000000007,-0.39983333333333526
0.7970000000000006,-0.08116616666666673,-0.39983333333333526
0.7980000000000006,-0.0807663333333334,-0.39983333333333526
0.7990000000000006,-0.08036650000000006,-0.39983333333333526
0.8000000000000006,-0.07996666666666673,-0.39983333333333526
0.8010000000000006,-0.07956683333333339,-0.39983333333333526
0.8020000000000006,-0.07916700000000006,-0.39983333333333526
0.8030000000000006,-0.07876716666666672,-0.39983333333333526
0.8040000000000006,-0.07836733333333339,-0.39983333333333526
0.8050000000000006,-0.07796750000000005,-0.39983333333333526
0.8060000000000006,-0.07756766666666672,-0.39983333333333526
0.8070000000000006,-0.07716783333333338,-0.39983333333333526
0.8080000000000006,-0.07676800000000004,-0.39983333333333526
0.8090000000000006,-0.07636816666666671,-0.39983333333333526
0.8100000000000006,-0.07596833333333337,-0.39983333333333526
0.8110000000000006,-0.07556850000000004,-0.39983333333333526
0.8120000000000006,-0.0751686666666667,-0.39983333333333526
0.8130000000000006,-0.07476883333333337,-0.39983333333333526
0.8140000000000006,-0.07436900000000003,-0.39983333333333526
0.8150000000000006,-0.0739691666666667,-0.39983333333333526
0.8160000000000006,-0.07356933333333336,-0.39983333333333526
0.8170000000000006,-0.07316950000000003,-0.39983333333333526
0.8180000000000006,-0.07276966666666669,-0.39983333333333526
0.8190000000000006,-0.07236983333333336,-0.39983333333333526
0.8200000000000006,-0.07197000000000002,-0.39983333333333526
0.8210000000000006,-0.07157016666666668,-0.39983333333333526
0.8220000000000006,-0.07117033333333335,-0.39983333333333526
0.8230000000000006,-0.07077050000000001,-0.39983333333333526
0.8240000000000006,-0.07037066666666668,-0.39983333333333526
0.8250000000000006,-0.06997083333333334,-0.39983333333333526
0.8260000000000006,-0.06957100000000001,-0.39983333333333526
0.8270000000000006,-0.06917116666666667,-0.39983333333333526
0.8280000000000006,-0.06877133333333334,-0.39983333333333526
0.8290000000000006,-0.0683715,-0.39983333333333526
0.8300000000000006,-0.06797166666666667,-0.39983333333333526
0.8310000000000006,-0.06757183333333333,-0.39983333333333526
0.8320000000000006,-0.067172,-0.39983333333333526
0.8330000000000006,-0.06677216666666666,-0.39983333333333526
0.8340000000000006,-0.06637233333333332,-0.39983333333333526
0.8350000000000006,-0.06597249999999999,-0.39983333333333526
0.8360000000000006,-0.06557266666666665,-0.39983333333333526
0.8370000000000006,-0.06517283333333332,-0.39983333333333526
0.8380000000000006,-0.06477299999999998,-0.39983333333333526
0.8390000000000006,-0.06437316666666665,-0.39983333333333526
0.8400000000000006,-0.06397333333333331,-0.39983333333333526
0.8410000000000006,-0.06357349999999998,-0.39983333333333526
0.8420000000000006,-0.06317366666666664,-0.39983333333333526
0.8430000000000006,-0.0627738333333333,-0.39983333333333526
0.8440000000000006,-0.06237399999999997,-0.39983333333333526
0.8450000000000006,-0.061974166666666636,-0.39983333333333526
0.8460000000000006,-0.0615743333333333,-0.39983333333333526
0.8470000000000006,-0.061174499999999965,-0.39983333333333526
0.8480000000000006,-0.06077466666666663,-0.39983333333333526
0.8490000000000006,-0.060374833333333294,-0.39983333333333526
0.8500000000000006,-0.05997499999999996,-0.39983333333333526
0.8510000000000006,-0.059575166666666624,-0.39983333333333526
0.8520000000000006,-0.05917533333333329,-0.39983333333333526
0.8530000000000006,-0.05877549999999995,-0.39983333333333526
0.8540000000000006,-0.05837566666666662,-0.39983333333333526
0.8550000000000006,-0.05797583333333328,-0.39983333333333526
0.8560000000000006,-0.05757599999999995,-0.39983333333333526
0.8570000000000007,-0.05717616666666661,-0.39983333333333526
0.8580000000000007,-0.056776333333333276,-0.39983333333333526
0.8590000000000007,-0.05637649999999994,-0.39983333333333526
0.8600000000000007,-0.055976666666666605,-0.39983333333333526
0.8610000000000007,-0.05557683333333327,-0.39983333333333526
0.8620000000000007,-0.055176999999999934,-0.39983333333333526
0.8630000000000007,-0.0547771666666666,-0.39983333333333526
0.8640000000000007,-0.054377333333333264,-0.39983333333333526
0.8650000000000007,-0.05397749999999993,-0.39983333333333526
0.8660000000000007,-0.05357766666666659,-0.39983333333333526
0.8670000000000007,-0.05317783333333326,-0.39983333333333526
0.8680000000000007,-0.05277799999999992,-0.39983333333333526
0.8690000000000007,-0.05237816666666659,-0.39983333333333526
0.8700000000000007,-0.05197833333333325,-0.39983333333333526
0.8710000000000007,-0.051578499999999916,-0.39983333333333526
0.8720000000000007,-0.05117866666666658,-0.39983333333333526
0.8730000000000007,-0.050778833333333245,-0.39983333333333526
0.8740000000000007,-0.05037899999999991,-0.39983333333333526
0.8750000000000007,-0.049979166666666575,-0.39983333333333526
0.8760000000000007,-0.04957933333333324,-0.39983333333333526
0.8770000000000007,-0.049179499999999904,-0.39983333333333526
0.8780000000000007,-0.04877966666666657,-0.39983333333333526
0.8790000000000007,-0.04837983333333323,-0.39983333333333526
0.8800000000000007,-0.0479799999999999,-0.39983333333333526
0.8810000000000007,-0.04758016666666656,-0.39983333333333526
0.8820000000000007,-0.04718033333333323,-0.39983333333333526
0.8830000000000007,-0.04678049999999989,-0.39983333333333526
0.8840000000000007,-0.046380666666666556,-0.39983333333333526
0.8850000000000007,-0.04598083333333322,-0.39983333333333526
0.8860000000000007,-0.045580999999999885,-0.39983333333333526
0.8870000000000007,-0.04518116666666655,-0.39983333333333526
0.8880000000000007,-0.044781333333333215,-0.39983333333333526
0.8890000000000007,-0.04438149999999988,-0.39983333333333526
0.8900000000000007,-0.043981666666666544,-0.39983333333333526
0.8910000000000007,-0.04358183333333321,-0.39983333333333526
0.8920000000000007,-0.04318199999999987,-0.39983333333333526
0.8930000000000007,-0.04278216666666654,-0.39983333333333526
0.8940000000000007,-0.0423823333333332,-0.39983333333333526
0.8950000000000007,-0.04198249999999987,-0.39983333333333526
0.8960000000000007,-0.04158266666666653,-0.39983333333333526
0.8970000000000007,-0.041182833333333196,-0.39983333333333526
0.8980000000000007,-0.04078299999999986,-0.39983333333333526
0.8990000000000007,-0.040383166666666526,-0.39983333333333526
0.9000000000000007,-0.03998333333333319,-0.39983333333333526
0.9010000000000007,-0.039583499999999855,-0.39983333333333526
0.9020000000000007,-0.03918366666666652,-0.39983333333333526
0.9030000000000007,-0.038783833333333184,-0.39983333333333526
0.9040000000000007,-0.03838399999999985,-0.39983333333333526
0.9050000000000007,-0.03798416666666651,-0.39983333333333526
0.9060000000000007,-0.03758433333333318,-0.39983333333333526
0.9070000000000007,-0.03718449999999984,-0.39983333333333526
0.9080000000000007,-0.03678466666666651,-0.39983333333333526
0.9090000000000007,-0.03638483333333317,-0.39983333333333526
0.9100000000000007,-0.03598499999999984,-0.39983333333333526
0.9110000000000007,-0.0355851666666665,-0.39983333333333526
0.9120000000000007,-0.035185333333333166,-0.39983333333333526
0.9130000000000007,-0.03478549999999983,-0.39983333333333526
0.9140000000000007,-0.034385666666666495,-0.39983333333333526
0.9150000000000007,-0.03398583333333316,-0.39983333333333526
0.9160000000000007,-0.033585999999999824,-0.39983333333333526
0.9170000000000007,-0.03318616666666649,-0.39983333333333526
0.9180000000000007,-0.032786333333333154,-0.39983333333333526
0.9190000000000007,-0.03238649999999982,-0.39983333333333526
0.9200000000000007,-0.03198666666666648,-0.39983333333333526
0.9210000000000007,-0.03158683333333315,-0.39983333333333526
0.9220000000000007,-0.031186999999999812,-0.39983333333333526
0.9230000000000007,-0.030787166666666477,-0.39983333333333526
0.9240000000000007,-0.03038733333333314,-0.39983333333333526
0.9250000000000007,-0.029987499999999806,-0.39983333333333526
0.9260000000000007,-0.02958766666666647,-0.39983333333333526
0.9270000000000007,-0.029187833333333135,-0.39983333333333526
0.9280000000000007,-0.0287879999999998,-0.39983333333333526
0.9290000000000007,-0.028388166666666464,-0.39983333333333526
0.9300000000000007,-0.02798833333333313,-0.39983333333333526
0.9310000000000007,-0.027588499999999794,-0.39983333333333526
0.9320000000000007,-0.02718866666666646,-0.39983333333333526
0.9330000000000007,-0.026788833333333123,-0.39983333333333526
0.9340000000000007,-0.026388999999999788,-0.39983333333333526
0.9350000000000007,-0.025989166666666452,-0.39983333333333526
0.9360000000000007,-0.025589333333333117,-0.39983333333333526
0.9370000000000007,-0.02518949999999978,-0.39983333333333526
0.9380000000000007,-0.024789666666666446,-0.39983333333333526
0.9390000000000007,-0.02438983333333311,-0.39983333333333526
0.9400000000000007,-0.023989999999999775,-0.39983333333333526
0.9410000000000007,-0.02359016666666644,-0.39983333333333526
0.9420000000000007,-0.023190333333333105,-0.39983333333333526
0.9430000000000007,-0.02279049999999977,-0.39983333333333526
0.9440000000000007,-0.022390666666666434,-0.39983333333333526
0.9450000000000007,-0.0219908333333331,-0.39983333333333526
0.9460000000000007,-0.021590999999999763,-0.39983333333333526
0.9470000000000007,-0.021191166666666428,-0.39983333333333526
0.9480000000000007,-0.020791333333333092,-0.39983333333333526
0.9490000000000007,-0.020391499999999757,-0.39983333333333526
0.9500000000000007,-0.01999166666666642,-0.39983333333333526
0.9510000000000007,-0.019591833333333086,-0.39983333333333526
0.9520000000000007,-0.01919199999999975,-0.39983333333333526
0.9530000000000007,-0.018792166666666416,-0.39983333333333526
0.9540000000000007,-0.01839233333333308,-0.39983333333333526
0.9550000000000007,-0.017992499999999745,-0.39983333333333526
0.9560000000000007,-0.01759266666666641,-0.39983333333333526
0.9570000000000007,-0.017192833333333074,-0.39983333333333526
0.9580000000000007,-0.01679299999999974,-0.39983333333333526
0.9590000000000007,-0.016393166666666403,-0.39983333333333526
0.9600000000000007,-0.015993333333333068,-0.39983333333333526
0.9610000000000007,-0.015593499999999733,-0.39983333333333526
0.9620000000000007,-0.015193666666666397,-0.39983333333333526
0.9630000000000007,-0.014793833333333062,-0.39983333333333526
0.9640000000000007,-0.014393999999999726,-0.39983333333333526
0.9650000000000007,-0.013994166666666391,-0.39983333333333526
0.9660000000000007,-0.013594333333333056,-0.39983333333333526
0.9670000000000007,-0.01319449999999972,-0.39983333333333526
0.9680000000000007,-0.012794666666666385,-0.39983333333333526
0.9690000000000007,-0.01239483333333305,-0.39983333333333526
0.9700000000000008,-0.011994999999999714,-0.39983333333333526
0.9710000000000008,-0.011595166666666379,-0.39983333333333526
0.9720000000000008,-0.011195333333333043,-0.39983333333333526
0.9730000000000008,-0.010795499999999708,-0.39983333333333526
0.9740000000000008,-0.010395666666666373,-0.39983333333333526
0.9750000000000008,-0.009995833333333037,-0.39983333333333526
0.9760000000000008,-0.009595999999999702,-0.39983333333333526
0.9770000000000008,-0.009196166666666367,-0.39983333333333526
0.9780000000000008,-0.008796333333333031,-0.39983333333333526
0.9790000000000008,-0.008396499999999696,-0.39983333333333526
0.9800000000000008,-0.00799666666666636,-0.39983333333333526
0.9810000000000008,-0.007596833333333025,-0.39983333333333526
0.9820000000000008,-0.00719699999999969,-0.39983333333333526
0.9830000000000008,-0.006797166666666354,-0.39983333333333526
0.9840000000000008,-0.006397333333333019,-0.39983333333333526
0.9850000000000008,-0.005997499999999684,-0.39983333333333526
0.9860000000000008,-0.005597666666666348,-0.39983333333333526
0.9870000000000008,-0.005197833333333013,-0.39983333333333526
0.9880000000000008,-0.0047979999999996775,-0.39983333333333526
0.9890000000000008,-0.004398166666666342,-0.39983333333333526
0.9900000000000008,-0.003998333333333007,-0.39983333333333526
0.9910000000000008,-0.0035984999999996714,-0.39983333333333526
0.9920000000000008,-0.003198666666666336,-0.39983333333333526
0.9930000000000008,-0.0027988333333330007,-0.39983333333333526
0.9940000000000008,-0.0023989999999996653,-0.39983333333333526
0.9950000000000008,-0.00199916666666633,-0.39983333333333526
0.9960000000000008,-0.0015993333333329948,-0.39983333333333526
0.9970000000000008,-0.0011994999999996596,-0.39983333333333526
0.9980000000000008,-0.0007996666666663245,-0.39983333333333526
0.9990000000000008,-0.00039983333333298924,-0.39983333333333526
1.0,3.561604136614882e-17,-0.39983333333333526
